success-rate,reward,collision-rate
100.0,0.22915774160606428,0.5452009598887659
100.0,0.11120423042818794,0.11894447396287178
100.0,0.48361805389576695,0.0793858135178308
100.0,0.5775079569650319,0.2059509447457296
100.0,0.7812366881911053,0.4721185337369582
100.0,0.1257755436733463,0.6240434102706135
100.0,0.18824011460190515,0.5284630559388878
100.0,0.860947534101951,0.7434526694271997
100.0,0.4049418311406189,0.5161111652672321
100.0,0.7288331473163454,0.371228915968429
100.0,0.3449390836786137,0.7166299581958677
100.0,0.6384577742731092,0.7548146835363425
100.0,0.14305467987032072,0.4273253281799574
100.0,0.13218231180402962,0.05920635624554493
100.0,0.5254147784912989,0.7547435289023644
100.0,0.8975725528594645,0.5596910172154902
100.0,0.5192017075594199,0.3157743949762315
100.0,0.21338135295949834,0.9491654006305239
100.0,0.6412206520107884,0.44152565381084397
100.0,0.67474766035393,0.22352600747547058
100.0,0.874888870545629,0.7640848978338745
100.0,0.22035046210872822,0.5680609325045815
100.0,0.35352195167990697,0.24094716317446174
100.0,0.4487471367958683,0.4806713819272582
100.0,0.0621806547449798,0.9012878335497511
100.0,0.37722634758509455,0.6623129690271395
100.0,0.7335863313683169,0.004845616033973377
100.0,0.4371529526453929,0.11272511623629167
100.0,0.7230467705167556,0.1523273455897186
100.0,0.575410037269534,0.7966977871951946
100.0,0.2530953096115529,0.8408434365797581
100.0,0.3027913214898549,0.33000700327707233
100.0,0.09142593765447016,0.3220582263623828
100.0,0.5078123925146129,0.6480458014919532
100.0,0.5698726510829413,0.7710833631989543
100.0,0.355124877938625,0.40002479159105564
100.0,0.6553023596574019,0.18287366553862094
100.0,0.822007610068514,0.25175803848695044
100.0,0.26858291633713427,0.74764774459723
100.0,0.47597349395880617,0.9565444845499655
100.0,0.9133486983188359,0.44362614270764156
100.0,0.20581529841135593,0.5849979564564389
100.0,0.9258266126922473,0.24594053226899015
100.0,0.8738007955593912,0.4614162082403458
100.0,0.15416636230811098,0.9586824868051536
100.0,0.7587668863931742,0.3317977008236005
100.0,0.7212258992540101,0.4162110938334349
100.0,0.773817070979235,0.8365123353834769
100.0,0.005553454424119586,0.8396837117002989
100.0,0.016936435528920768,0.5106012083316054
100.0,0.5568398195531779,0.341993186855843
100.0,0.42134864494790736,0.5581504561781625
100.0,0.6611087940467898,0.6295575790222628
100.0,0.8027578756158914,0.8832726909125637
100.0,0.38849592976565583,0.6650075938724898
100.0,0.10014090544248444,0.679296217194799
100.0,0.32676424097424783,0.4843769206720596
100.0,0.5938329062389088,0.43020157531447745
100.0,0.21311695824126997,0.06622041348097074
100.0,0.24759064180635215,0.7597829964233395
100.0,0.10108816328808778,0.886658760460495
100.0,0.6002599564359433,0.9439801692500825
100.0,0.6052185844820549,0.3379556275466248
100.0,0.659646410239077,0.5881461328483932
100.0,0.43120522591343646,0.20963665058159586
100.0,0.9495781240134149,0.3187492040922688
100.0,0.8234830532035039,0.9120023001586203
100.0,0.435381381867201,0.1455472133579978
100.0,0.7907715670977776,0.7459440027648037
100.0,0.5732649514752811,0.1707977841943208
100.0,0.6336919417773427,0.43857996385296016
100.0,0.9163635810516563,0.814185362475227
100.0,0.0351768927195204,0.4606736889973213
100.0,0.43034927498522635,0.286643007311952
100.0,0.7148669441271629,0.887186142798198
100.0,0.5773033798744501,0.5269674250510114
100.0,0.08145011266521629,0.7746715685791549
100.0,0.49556675652432114,0.3936018052804511
100.0,0.8664292890073754,0.3187878027538975
100.0,0.6319221640253907,0.8993047350876912
100.0,0.3994134465998237,0.43992111194253614
100.0,0.650129742968015,0.5736126509119821
100.0,0.624978715731982,0.5950783321899983
100.0,0.10889864377179037,0.38156818762094524
100.0,0.6614658952791987,0.26053527216309325
100.0,0.7048664985666083,0.9252272237025801
100.0,0.8579255016823547,0.7447688217464172
100.0,0.29785783777356933,0.8292701909706929
100.0,0.8075909004905824,0.13111233324205418
100.0,0.5883568263901431,0.5838119749948895
100.0,0.05117197298594889,0.06371423827191092
100.0,0.21111066021142388,0.49372361440861234
100.0,0.8003494935605103,0.2757064636499327
100.0,0.5808096079902757,0.1004219889282798
100.0,0.7250881425532136,0.0025513770209111275
100.0,0.48790008070065427,0.2830161037923188
100.0,0.23232549786755996,0.36904594338953745
100.0,0.8619300632879319,0.048399545983080716
100.0,0.46204264080932445,0.19533986962419325
100.0,0.5992021136672543,0.19411039353203985
100.0,0.4360174766455299,0.06786072154579759
100.0,0.39614185836358107,0.9321530233653185
100.0,0.37666753731639013,0.7937466492569264
100.0,0.6473635797061466,0.7525586280102747
100.0,0.39078547944361197,0.6084938100765293
100.0,0.9853919960285351,0.852239395620339
100.0,0.22267829516510274,0.5080182276900373
100.0,0.711811528410137,0.27202519952342963
100.0,0.5365949051481989,0.6802966728844698
100.0,0.8969195776499486,0.36106557795886907
100.0,0.2166434289018937,0.9062134860338261
100.0,0.9409836228431219,0.6912983927092013
100.0,0.7774368785394703,0.3897316460610335
100.0,0.6764470559694814,0.5896995932424646
100.0,0.8147486148743482,0.973113255883896
100.0,0.5250652758928696,0.5296861717757221
100.0,0.5875780878313964,0.7106218932910617
100.0,0.8077984058312991,0.8844237098043489
100.0,0.8724914927381486,0.9900878101901591
100.0,0.13846307559748372,0.7150141022686829
100.0,0.5755422141906441,0.7449738949344815
100.0,0.018356063905172637,0.3836208731876053
100.0,0.6373794547989862,0.7377908019874057
100.0,0.01852858633667709,0.37759367786063147
100.0,0.07453348099984436,0.6619107262044307
100.0,0.3545476759810595,0.6580993779891783
100.0,0.3370150378502992,0.04031878751534923
100.0,0.36469963996005417,0.4847868081432528
100.0,0.0826742757021025,0.7500505064613467
100.0,0.6154289355587496,0.5070503813148428
100.0,0.795294551818757,0.41341468230421663
100.0,0.4146603398293238,0.5335844881614732
100.0,0.7628924319958388,0.21546475029669443
100.0,0.13264706084426747,0.9722592723676582
100.0,0.3014889874976622,0.5825357161689239
100.0,0.9591148360621157,0.9892436128710337
100.0,0.838892808032965,0.320527984865256
100.0,0.3292659643335202,0.6638637862353911
100.0,0.9384805830445471,0.2504331713168141
100.0,0.5302200629098188,0.3624752830677157
100.0,0.4264655999862459,0.08264323177411059
100.0,0.2440231365476382,0.07035696753516707
100.0,0.8748983646806554,0.8852983296285645
100.0,0.9845954614281557,0.9674464176744705
100.0,0.35178669714085886,0.39760978524554136
100.0,0.4695811456960082,0.20738189772796778
100.0,0.04085001219998152,0.6452358832925695
100.0,0.35585901013005605,0.1274792756751274
100.0,0.159852754951902,0.3076527967221695
100.0,0.4717500506965978,0.2015320529247031
100.0,0.025901342887332812,0.7418162530502319
100.0,0.7469930555020722,0.34868526685779533
100.0,0.5458885527050438,0.7772200387581653
100.0,0.6307442954494138,0.9603292728196282
100.0,0.11604185327405414,0.7975902900576685
100.0,0.7346389694738531,0.706525047536912
100.0,0.41754035303260284,0.2834158727968247
100.0,0.7201481672278118,0.3369010722959982
100.0,0.28681631834402255,0.6289902910919192
100.0,0.7095864367462031,0.05406262778340842
100.0,0.5695547025797013,0.040357241534684674
100.0,0.3223628639302053,0.20035600330959824
100.0,0.05010029570892005,0.5695476054536016
100.0,0.8935541137565634,0.19311706912834214
100.0,0.46787278257888454,0.43546333883590227
100.0,0.054852470151642074,0.22436402981522918
100.0,0.17296387167037752,0.3458669116360227
100.0,0.7633482191570389,0.015183190391557244
100.0,0.7157679430666071,0.3465749696805346
100.0,0.2523765048340084,0.5483272089202901
100.0,0.37241802994381434,0.7959653799707331
100.0,0.606556891762995,0.7818730335864404
100.0,0.9835461990957353,0.2940616966318814
100.0,0.7998430231351668,0.8117849867525222
100.0,0.16499909915051314,0.3274474894049533
100.0,0.2063039318956077,0.4565598027224309
100.0,0.32833528225317454,0.14155320278140116
100.0,0.03429591337538873,0.18939044961463203
100.0,0.21189956772199636,0.591161867552315
100.0,0.5873818068915198,0.7611843839716921
100.0,0.9434536567271441,0.5585902654223687
100.0,0.07454467156719202,0.46979241822476736
100.0,0.5075941802664816,0.4771051552974155
100.0,0.21176741754843376,0.48046930837860213
100.0,0.027679515658876608,0.8153000138160766
100.0,0.7577542961606428,0.8922577467741548
100.0,0.4406335151131404,0.47949454263106583
100.0,0.2596482446162034,0.4528547139748391
100.0,0.5574621927979423,0.23445874750812445
100.0,0.6938479266991583,0.7687445628901317
100.0,0.9061214069858644,0.6822361247644512
100.0,0.14617944004165007,0.64213341354527
100.0,0.337508056266156,0.639336609676277
100.0,0.029559400009714687,0.8834457259518922
100.0,0.540096166851424,0.42379483341151347
100.0,0.5721517749224739,0.6716627844931145
100.0,0.8538914850701963,0.31353012690699333
100.0,0.24483750510206048,0.592050841822061
100.0,0.9921849029949636,0.569454625362468
100.0,0.5062783833232186,0.5172471297195923
99.84131936922088,0.7021292916036335,0.6271461882785502
99.84237805953299,0.7075708471239024,0.6962028765490327
99.7243474381392,0.4276821802024605,0.5496632824258214
99.97849855589023,0.8173469884089213,0.5132832040008528
99.83990003310299,0.3295838769166278,0.9996002102367123
99.9015922619122,0.5812198739995431,0.5689659805097521
99.99039053831407,0.8753732006420966,0.3341585288379446
100.04055418612894,0.11311824017154815,0.7121348333875168
100.02311848576271,0.044085155533145515,0.9447508100987488
100.17423732150827,0.7506142562835099,0.03218816789893153
100.22632382170747,0.4944669094765263,0.9207122824536804
100.04473268722856,0.2036295279855198,0.6621449997818306
100.26453596747919,0.9567332539574023,0.33497847796496216
99.96201943541904,0.992931434425945,0.8274812791872692
99.95045011086509,0.6110829489269842,0.5342410714115172
99.79261068599442,0.2572229034107325,0.3028716984868194
100.24330747119664,0.7215924631686567,0.3879226924232827
99.95010562555082,0.7488382079144207,0.7833852656347658
99.67104997820923,0.9122909613960843,0.43941418851600955
100.04802616308677,0.43620482147134565,0.7171707641237394
99.87214531437075,0.8751660365966414,0.9314590655734529
100.02552044005665,0.8483750528745879,0.771189780494974
100.1210463476217,0.6596966857289316,0.8581702937824943
100.0220267196206,0.7112445741383462,0.9371720324414844
99.73743943819125,0.6656013294397886,0.5339050414037125
99.92788155717925,0.2507567349946249,0.57826790752842
99.73107303274969,0.1667973829020356,0.02724596082855335
99.91607882348514,0.520178852018165,0.6274051539877177
99.89921346728272,0.13600729724981375,0.5980326620444916
99.64562018283823,0.5729528319555254,0.699330169835524
100.08457841675434,0.9649474717429056,0.1079241195807964
99.95432224721348,0.849660311761978,0.3249389943937505
99.54459294050389,0.6517509075177316,0.3267084305678255
100.00396902391081,0.6625056056585605,0.33153773714781143
100.03600228852291,0.3314727806831471,0.8017503267583052
99.83875623063251,0.950747493903922,0.258943294648594
99.95360639184351,0.9764796635476987,0.23896188777509553
99.78429543066832,0.5249373263826032,0.9293824532740709
99.59713189175312,0.7488916260487745,0.17744344244206778
99.96183926206757,0.005829036144350042,0.47718047018290644
99.54334529538565,0.42718005963433625,0.8098219525076426
99.73456984744917,0.9055496223210738,0.6493029981350844
99.47845555111094,0.2988380505702054,0.3123939405377347
99.42796808875062,0.45577202660221583,0.6709613044149799
99.47212512715726,0.5577482577485757,0.40630023038084684
99.48692917111389,0.23253210785596856,0.927946115254482
99.41515383326092,0.7509201493476818,0.35993771022022747
99.65532440211123,0.04082335179920049,0.9698280690926984
99.72535484992629,0.8534151075045346,0.5876232669787
99.50607090037042,0.27750967165025897,0.9613158514124147
99.32166668696343,0.7873874293494334,0.6022732694369365
99.72876876409876,0.9743633791881808,0.44886925938256217
99.58686836260068,0.6498627313081949,0.7274666767397892
99.7721354672919,0.21347423477749272,0.6252997805280164
99.51115599162091,0.6317961276038079,0.6088187296804657
99.5974820060355,0.6117840764966036,0.8648752114392707
99.75882906548104,0.681406285040754,0.42617476830993983
99.55218073088655,0.7397327422252223,0.5189674741829625
99.49797040888363,0.9980005330572617,0.8104974693340343
99.51088097738975,0.02435811791639253,0.6991869006194896
99.68440772281362,0.9151517224838343,0.998861530154213
99.23462017787526,0.9771661404380748,0.47269142976432965
99.32254075252052,0.6804965192199482,0.5348318505399284
99.5605153890876,0.5771302976322138,0.5466482892569552
99.30828501388731,0.6889902634552606,0.17615573283889097
99.21546537320005,0.7204459786111888,0.5977592108917014
99.19160504975306,0.03385046189052643,0.6060909080413991
99.57872908798234,0.3326852191627768,0.059128956007275746
99.54668985122545,0.7131755483359603,0.7663511290621128
99.40453318955836,0.4123897725591569,0.8081023907006808
98.9745075731574,0.3395441906275033,0.31968112515647684
99.34585604429905,0.12524415986763704,0.21965441900174
99.43618534437923,0.9800668311901729,0.7683567675706824
98.90856353844302,0.6853291720238311,0.0989356302143346
98.91889878439395,0.7287701812763687,0.11296231623783504
98.90741763240946,0.08248141996334979,0.6472960695582793
99.31367191969794,0.5622817574875987,0.15026628476989834
99.00448005807934,0.020970761211288047,0.5415285958977155
98.77550650966012,0.1748446066963364,0.3412652990854882
99.1372837746205,0.42369078843537245,0.44903037155474534
98.76354694521163,0.46766168122193297,0.14589468316966692
98.87204777651853,0.9063687134125966,0.3443143619300757
98.69542670312491,0.8918273635852897,0.6223035852351789
98.92251786015191,0.43955612814754397,0.6399830827481673
98.60456422901801,0.9270205606965051,0.1914663973537727
98.95975789035542,0.8295905029845876,0.054118050851541644
98.9047837784179,0.8375543298079099,0.9137564136143105
98.92034662095863,0.293304450455129,0.6128057144015084
98.81014635041065,0.14053972729122033,0.9060994393103513
98.51350904511173,0.9735419963607177,0.420122526681724
98.88978912280314,0.392907922010059,0.18831871164680392
98.68346113210232,0.16611987239121173,0.6723699053172582
98.76523716329994,0.7331798990527731,0.9694290888545449
98.80019022372886,0.9285883173611106,0.9625158290436674
98.69596450620774,0.7297092416470902,0.7969941734979569
98.30151048465102,0.27526245858287013,0.35695171062665654
98.5160850322792,0.026001174370885893,0.8720172767996558
98.2867839253557,0.06942713326378247,0.24757232326328849
98.30381103678617,0.4557833894502019,0.6037109316924647
98.50887561540712,0.9206643038688561,0.45404893828419624
98.61924739045305,0.34585344650542393,0.3261202057559086
98.53387698310938,0.027076761816034467,0.853283668919709
98.21402868744866,0.8536617780526521,0.5135678912385385
98.2627777719524,0.15997365976204425,0.15177141738429745
98.16706675461865,0.599143302855075,0.481315908945111
98.31564089134409,0.13365392643524976,0.9291025930239667
98.28203866685027,0.14963267987606632,0.5481326898553729
98.17694972647723,0.40486611389846683,0.5721464321839073
98.34919778459869,0.3824970163165873,0.42584549890495527
98.06453683517115,0.5537172908499626,0.5893063399283204
98.13055325345537,0.7305819324732284,0.5596832564544287
98.02017301184166,0.2642748826750905,0.5875629810304771
97.76277304426172,0.18603370479870474,0.14335336543886412
98.20488679367763,0.8255844819660018,0.07598267149905147
98.0100691267574,0.7733498348510208,0.797290920700323
97.77022698438994,0.07195989626287547,0.1221993032969777
97.7529840951672,0.027581475523645094,0.5719360291103486
98.08394355785711,0.9967328994080902,0.9799090766419762
97.77951814912186,0.05206938765569802,0.7041125202676746
97.95653993736815,0.7266321045252732,0.8961453966808275
97.83805236276477,0.5516134681723166,0.8379694355508273
97.84780198604284,0.0006883359958863577,0.5950057042571657
97.50860362559274,0.24112791169043302,0.4094776737831003
97.56878850245339,0.7856826416629056,0.18597350637771082
97.64843206775079,0.141784255791073,0.22616151428800824
97.77563571393642,0.27981803994433796,0.13665335244773358
97.67932724000477,0.3134005031935261,0.8320670012963078
97.6324939458085,0.11043462073166932,0.23255914141397516
97.38036875588769,0.05552046741452277,0.8476731748691508
97.66043467378307,0.6648172741887627,0.37785357922055685
97.55773296093098,0.041522460383477844,0.1490869399860315
97.50193544446108,0.4402633151485601,0.9475479827766158
97.50217605781779,0.7161854585465487,0.3137826597166534
97.04415175191234,0.40551592788425583,0.8497642948339941
97.3729072166977,0.03113274412624978,0.35451765561814474
96.87002855150331,0.33558622965588647,0.9708112341357923
97.37369253621414,0.9271385808494281,0.749139198117579
97.14589383812343,0.09563430520868321,0.30525564223777135
96.77868584542657,0.19469532007063894,0.5266127055119243
96.78188097221044,0.12324650934708381,0.21566049717996993
96.79501279343567,0.27176335268999774,0.7046245893772454
97.14989710462271,0.5226882683689413,0.9432248820244595
96.85614279368733,0.6178534719173101,0.4375422920880192
96.96612125227219,0.8221267124112873,0.6194599483752709
96.78457777117164,0.25024766038421153,0.5361774501000517
97.00449459066925,0.9567951869547204,0.25749825352869815
96.75231059975863,0.8602435981426046,0.11495946310721872
96.61784226722516,0.6196800683211103,0.7306097724207963
96.84706475862559,0.6414424717626129,0.3407526344107895
96.65287565580418,0.9299817926591164,0.1738525321469202
96.64101766147434,0.5217513349005073,0.3332335872405353
96.26768546919736,0.878631697204603,0.0936999914361194
96.36470042211012,0.26306255816165613,0.2254731525782443
96.17651919101526,0.03664636608755678,0.3684527835278346
96.48742164141987,0.046665883026689614,0.5650898155882762
96.39290930787409,0.6132125191001869,0.9675094807034725
96.03036866975448,0.6076373238336954,0.35784056455774793
95.93048198057338,0.06130308364521653,0.8623589291561758
96.37191159659535,0.5537769272590545,0.8007125179511007
96.16572999053523,0.7626825045450464,0.47745191658783814
95.76532995505593,0.3489231642951256,0.7141184291738251
96.2362491086674,0.08469950142661531,0.4705698870244466
95.77843943339167,0.9472610421476705,0.24782584307124045
95.70530737929057,0.4022979558821682,0.2545728913269486
95.5699557306083,0.20193371035107477,0.31086063199281955
95.54976557637748,0.11933908989321995,0.8979265217911389
95.98404816803077,0.5966641989695028,0.2827509623574934
95.6846202297013,0.41784503286065955,0.5247467592940808
95.4392698331574,0.4316158488419968,0.10639634950518384
95.47405932190023,0.9170377419487517,0.2869063567203479
95.64030447305448,0.4301879202244989,0.285826987579044
95.1694709689802,0.2512272872355822,0.47507694357220775
95.57895788035198,0.9602389362240746,0.5487867399934618
95.42573936754998,0.5721028928417765,0.9819771898151941
95.37048577761459,0.30812266454163384,0.4937663500521283
95.50030248538593,0.8116249292931309,0.532980506303252
94.98076213276268,0.9329149438556844,0.07364390363396645
94.92953515573068,0.7552131425063909,0.04780945097146028
95.10009935184686,0.6471931914408358,0.9403581948943358
94.72880629664034,0.8979243557297152,0.4766062547574983
95.07172973298191,0.2576735015991355,0.5996866743545259
95.16789990667786,0.3443940717697429,0.1201470503388209
95.01509289992823,0.6890886733722595,0.7955133667435826
94.46976890706367,0.8683892527519549,0.49926151631038673
94.50394186698641,0.5101906071309851,0.7551657142681394
94.43897257645077,0.8958949778820385,0.3812730543294326
94.6994769719416,0.4192309909569668,0.6313899426321312
94.31863490196181,0.25541395985065396,0.9355077180385893
94.30351174548383,0.3490120601601675,0.13805361507365888
94.36888144146954,0.9860519251749695,0.8198437968632913
94.56584032406182,0.594625274503821,0.13798855369065477
94.58563223144357,0.5588301178785821,0.14256900608804324
94.2272640245132,0.8889019792941886,0.4938538171116853
94.2951948339961,0.3250213863467101,0.12495860293992656
94.28076901288176,0.1482180522762674,0.3193340671886582
94.16313362387649,0.7442083336017329,0.7794854462627558
94.06020452952555,0.49770586233253133,0.6098426710372551
93.81368750582804,0.8390016143945062,0.8088931568334218
93.98365671872989,0.07926478827230699,0.2193906085738896
93.60695807378961,0.279355598785469,0.5424168598612787
93.9598591499204,0.6809072254957715,0.5623351347099349
93.8852851310515,0.6359242597975997,0.7627070486057946
93.54455723422642,0.5758563421780618,0.7896933243476347
93.64128266727045,0.2931129673051983,0.9074841940127419
93.41168178051284,0.3861408693960082,0.7635767876244619
93.29422487155844,0.8461504227379811,0.4225492744793995
93.15347709310312,0.4715652668603043,0.5039529911727504
93.23971609094463,0.40196122028071646,0.5610635345742403
93.30961213293944,0.0861160158637786,0.17898108629184872
93.35471299111937,0.014890131653854666,0.7037175866762724
92.96297653339406,0.871310693746652,0.49283608132004675
93.0949083930784,0.38230410952038185,0.1718603346824943
93.23062183435263,0.380196819703593,0.4253472412184247
93.20643072481705,0.2439676317107179,0.4717666927984864
92.82277169478384,0.9285496259543674,0.8489097611441185
92.96704673005108,0.8969530368331455,0.22777973396943307
92.64677259977695,0.3115165723413391,0.008448263204699047
92.42660799892762,0.42969819205762727,0.23046710008923554
92.41427895473379,0.3302617196501987,0.11429094483900593
92.67715124578389,0.14009041943992373,0.33067558153095433
92.18740918624133,0.8944669059005582,0.8168370817500746
92.20071063005204,0.16944380118835956,0.07700707508411397
92.05853404439527,0.11832742069852098,0.3304026870767398
92.18726181666183,0.02618308461969776,0.8346601587435174
92.16161823536605,0.805161695593274,0.9873830162053855
91.84668117240422,0.03623043398999859,0.5731006444361092
92.07258678856606,0.44024311169051045,0.8314232344782111
92.14689533524063,0.8605429804629184,0.10901723295176291
91.91667129401085,0.6445617158172345,0.5637701091927854
91.7534352687692,0.39030402367291506,0.8599901470381992
91.90299492063315,0.5878127994669606,0.12182053830378414
91.7444373413782,0.8158823870905002,0.7271321541555826
91.88463726558875,0.625972659868232,0.8520760542427962
91.25189172718099,0.9141328761753318,0.4366485313843147
91.551466779085,0.4286511033925947,0.08710153300766843
91.25329535331932,0.7373369229311527,0.19136606840814518
91.19618275660012,0.12884190454344002,0.8580723965319568
91.14177062405759,0.3747566422434837,0.3868021634240074
91.13722639428445,0.15489741335658946,0.1192298978388262
91.2498801167507,0.33182922208399424,0.8596020936101239
90.97614866825128,0.7664038512725124,0.753439352404903
90.7042458670569,0.6846082912116458,0.6374476133310516
90.56104647010224,0.1450634468060611,0.9686430036559097
90.75215504979344,0.9947856148451196,0.5260613031577361
90.76234807645224,0.7206550224091688,0.8538827651260658
90.33294882847119,0.7853755402897077,0.9933043044945231
90.56281744396895,0.6707133639875071,0.9103618786366867
90.60774915244608,0.1111733555662282,0.6102443617853489
90.17010531958036,0.421052214642464,0.870223979511415
90.18755731235923,0.14356585078761674,0.7834617204014375
89.99813246003278,0.7549211664308695,0.1150694517797397
90.03642713162982,0.8764429022692077,0.2241172551902274
90.14541855932409,0.4577651950522008,0.8705624842549403
89.82184433495658,0.9301347731275553,0.6982117662459331
89.94384785081901,0.0431462440796776,0.4019031694720545
89.98932237821177,0.32246729002878827,0.8880650437816755
89.58628204954412,0.2939622011166664,0.4817176020587838
89.74082818582595,0.013497666465673075,0.764612160869184
89.79762428256721,0.06837289714758754,0.4966550944713003
89.80273886747656,0.778294854662243,0.07269316987811791
89.15014648322891,0.06069182974079812,0.21468459513983063
89.1904619293337,0.5645752118595666,0.5633776469432304
89.4208913248414,0.20003699616644555,0.7165355550358661
89.14058363829966,0.15866083857438074,0.8985642403701453
89.07848309605141,0.5069799708737024,0.15284705273275923
88.83855119297026,0.9558177452535953,0.0782417879081877
88.68633658352918,0.554133165703949,0.24938868188605223
89.14441608782366,0.526506627237773,0.7711633497417457
88.50489062146985,0.23257873034731869,0.8489157844337079
88.45387033485862,0.9431539018785489,0.5391272434288732
88.67411215969473,0.02759076423676654,0.636449386705218
88.64478019487757,0.699490066993153,0.5043253071868201
88.6937394201322,0.773543758123263,0.2545474531425972
88.47172097657733,0.36650320768030964,0.44789202251629145
87.98687594091746,0.20130057895077214,0.9506994492896302
88.26809407168814,0.5844736681025688,0.2816238501629209
88.21041297011304,0.9525494609950659,0.7670207814035048
88.05685519797578,0.6318789312312003,0.006069031282845971
87.98891469263761,0.9468662279117581,0.23766958633219126
87.76356585414483,0.678470155994389,0.6790689616670315
87.55986226570096,0.7339464492771918,0.5546453815104647
87.6945561103939,0.5575940010505487,0.23244397147849194
87.83502410714149,0.5743271786762102,0.21872980015860066
87.64396650831041,0.0628686005830208,0.18434958912837307
87.6631002541834,0.8612102494606632,0.3230751217276455
87.27095804140761,0.4921816112346237,0.6036162096957135
87.42956403539371,0.9650387457483683,0.501955432948516
87.03981484381188,0.5942501866287544,0.976926479079854
86.88005701375323,0.7149294623492306,0.5619774902726717
87.19379180930396,0.8350503026026127,0.9349126772381219
87.05838761497212,0.667002532854304,0.43614946231326657
86.83041268434646,0.3015641968026993,0.6795514767261852
86.80539222882825,0.021018385107228976,0.1937474393157541
86.6852214278776,0.26407167674896437,0.3660723552385572
86.77200256143477,0.5967766782267814,0.7405324975968208
86.35159508463511,0.7528372505185869,0.15266425991544585
86.35629086341157,0.3335979641582969,0.8994041209839942
86.19913258802427,0.15285964527279072,0.4099177213122476
86.1113095890806,0.3398468585429245,0.35852260192902086
86.26410934700569,0.324552515775701,0.10852769307408472
86.06683371008518,0.7763802989436236,0.7740603938501301
86.06722807089128,0.5399892153375953,0.006235788186988223
85.57549627560978,0.2608111607286647,0.6229594773709927
85.38284228834597,0.43717413767411817,0.624061851320563
85.78676594991438,0.030718031882156605,0.3119112600819234
85.74874579269382,0.2973293781955353,0.1052142305968703
85.55607671084626,0.8884641031595926,0.44483872887950215
85.33082830198975,0.6965122327043881,0.10176418738466275
85.32567657055952,0.8042776813510278,0.4988147175079789
85.13746659485587,0.31770717667326065,0.9994585515473692
84.93622876593184,0.6439819954456398,0.36529425162304063
84.74161480433199,0.6925523892554181,0.208787566322588
85.05489174038158,0.03310970737744168,0.35214641947764813
84.65004699015361,0.2033577275533166,0.21454470339718634
84.65462700765958,0.2222255086327557,0.05240085988557874
84.47910956822619,0.4958096515195586,0.18505374852886847
84.28634368860054,0.5847734789731458,0.09051124869989813
84.30435575899678,0.4401039581011398,0.6719934280576388
83.98299557167049,0.42539747297086883,0.9487951545338714
84.33706668815122,0.31188941000370507,0.029285107358007934
83.74111931012793,0.08460518586904187,0.6416527689830164
83.91588299287857,0.0050607547290641985,0.02479686043640883
83.93611582447498,0.3800663550770277,0.9234726132127322
83.5716262867248,0.89629160015405,0.3119095812235787
83.40136424233037,0.8863771962144321,0.13451905294120003
83.55485447941993,0.23024958837698106,0.9556132019126612
83.32869585804474,0.45378067460955185,0.8417955054173951
83.23840166576201,0.7279877924546239,0.6262885526085409
82.91368862625521,0.6614845308316785,0.21321370981620957
82.83077285020413,0.3045823633291953,0.6243961465706899
83.02567142784834,0.10334086644781593,0.023012373917134954
82.64135865592165,0.5992214566073184,0.2734885253270062
82.6539828697705,0.31369604158636955,0.39551457782541977
82.89460156455127,0.747644316152517,0.3943742019824096
82.4398602336593,0.10088508804998253,0.7046030036116359
82.73818009052005,0.755337357498832,0.7899497310720244
82.21323673945793,0.5045680077718471,0.42688756690813
82.00503109101979,0.46975270682799475,0.30824144699474354
82.30614907206211,0.276400550658222,0.37423954313090635
82.30785329205813,0.602667851769436,0.4024933387811651
82.10669966722713,0.9060729359892565,0.28309585763380807
81.86268386277513,0.38332422842643454,0.5115767072348175
81.97776472701928,0.13877634741519018,0.08955468485507079
81.6966372498457,0.4660137284104645,0.4313335465820387
81.74223182111405,0.4535361372502652,0.06941663977077095
81.41037190643094,0.8648438336629454,0.598631814626294
81.56075916627647,0.9267075050980251,0.34505014318455474
81.4623531678807,0.7154991048207305,0.604931240798211
80.99369517444381,0.9284947376780376,0.21726561182764137
81.1209757794605,0.8950876262953231,0.9591104260937776
80.78604789942773,0.9070641893333609,0.4063694582514543
80.5668228128584,0.15692729207343625,0.0931556989959399
80.91777801377025,0.3604260240396151,0.2336137170200585
80.53565326042069,0.5582956530619394,0.4228705082527655
80.4291096060674,0.35293306898975474,0.17634821381478394
80.49559468861469,0.8531649825231268,0.5760843811449736
80.35261712002699,0.467262984130416,0.019225129764509963
80.20022310031216,0.5978264701206506,0.2825178476957536
80.12052540771533,0.22496090138519675,0.3302494974089596
80.07007723961684,0.7004265795058117,0.2747137183264631
80.00237761584566,0.7421873166494632,0.3515190648692669
79.65541679166405,0.44490363538900113,0.8310290065117439
79.32488861005913,0.42814154777083635,0.886228137786632
79.54779673678729,0.6485520579609368,0.4560334850804111
79.17232021623965,0.2604060055142189,0.25923493137556364
79.18259280389309,0.6734385637874569,0.5236776471206727
79.01803148864761,0.22807915244660704,0.17055004250226924
78.93784655755745,0.3984601213948856,0.39453095635921775
79.07754300832161,0.942394533931907,0.3014278918336982
78.57996509086227,0.2831626394340936,0.03617876168942391
78.36274034914153,0.27280811262183313,0.6010359113754701
78.62677413537989,0.5502281230831837,0.12480872958852951
78.10582224798716,0.3186169485601542,0.6111801513269287
78.08847611660526,0.3432522883710897,0.7696043100124038
78.19548885837146,0.8612791137556877,0.4336593425323212
77.75546674164737,0.14187802332132038,0.42144732971518706
77.74376184116048,0.6663802366821545,0.7981270547819144
77.85519152519718,0.10323938130678834,0.10744144817446988
77.75991834711267,0.6222628139055383,0.49203877327691237
77.82806077251252,0.36574088298464413,0.555974858105237
77.33844478525559,0.5431032957801599,0.16729175725984702
77.54799988867663,0.8038601249651239,0.3709055928875953
77.17448755327763,0.7618420136106517,0.32658797284136376
77.18775013533981,0.8730250679891742,0.4533739557212966
76.92162192311386,0.012320699296647475,0.9712526199148768
76.73168851655396,0.6213247635003548,0.6013741500375539
76.98679533323099,0.3323618484228833,0.3130595593409541
76.73175078463947,0.7087650323635281,0.9957475340923777
76.33371290471263,0.9656994074073771,0.9614157484789433
76.2890516429546,0.37940055402270767,0.23038001896928517
76.16893398681145,0.04750085045705532,0.5064469967931288
75.92420820891874,0.9416813692430862,0.5672375983214006
75.88623002613546,0.872084211870893,0.43478724862163864
75.94834773697201,0.15739743162440356,0.908058848153627
76.03271521352201,0.14556145765096418,0.8446231651873507
75.89391944538507,0.0850417418031173,0.8603023093484392
75.44433920784695,0.5353649996520807,0.18682075221901207
75.18928692146248,0.23986014706833725,0.9945833960622122
75.52405631848553,0.9954479560064253,0.6243245823193597
75.40527552740467,0.8067315806212696,0.10148469994799081
75.11736701031543,0.8985288484543812,0.9522480280401641
74.84971397622428,0.41396929118862236,0.5200213125243258
74.75192652090298,0.36492261379097635,0.7431266815931107
74.43367899364422,0.08349883816754666,0.2609486376755634
74.73429330633913,0.38481706478798594,0.6283555186821187
74.20225814242761,0.5705656795424959,0.5192292276754368
74.53027963174338,0.6776741049560284,0.9431982006658517
73.90094073070937,0.08021731859396442,0.021509952093834106
73.91076038192928,0.5174376018809645,0.04714476706329995
73.57526554653982,0.4763669299643375,0.20339993154835778
73.52278263220174,0.9036274865447782,0.06767085815991292
73.66878038165707,0.1040028545333519,0.8192039831105566
73.36833562266115,0.6289157972163305,0.8939163152646035
73.21518434192598,0.3025864061133978,0.6878118636652746
73.17008345969012,0.04204457910787518,0.6537042739494472
73.0362945055944,0.7789029279115418,0.9178663463855301
73.00411789774448,0.8482277486742743,0.08976378146897301
72.82650350141944,0.6562917445891299,0.631351472884146
72.54889010414355,0.559975617178132,0.3707951799049519
72.84669603854628,0.8824221173741231,0.09359598791626245
72.14744101653234,0.3018464013097215,0.6599689896118441
72.39642904506637,0.8304127193251062,0.3989673413626068
72.41883964729413,0.9272951003199825,0.5722964702142622
71.86108070755445,0.6462067449676737,0.23027050156555395
71.96078152468601,0.5443569030539649,0.3094933386508222
71.60942311472334,0.7814192449442058,0.7490607631435978
71.75987380272855,0.8486225824912741,0.9378208429311695
71.27911195568907,0.5803336207369812,0.9127398144471282
71.29267916266545,0.6636481616220922,0.20384192322718986
71.3107745520516,0.6330935555681093,0.4122646359693176
71.34545511756737,0.7876286335238533,0.7320453346903472
70.83461669839177,0.8743988238061428,0.6429821780497056
70.89169749795236,0.03629484008224715,0.945189503094458
70.87423056247724,0.811798607955299,0.027612910345293895
70.77328791184004,0.38069308310141703,0.6069562210755168
70.4147885238994,0.16280611427771752,0.7552001143633016
70.52318497349593,0.5407193172835032,0.838911000225092
70.36261323414676,0.7876711192247421,0.8034522963315421
69.86212418355336,0.7381632083441934,0.21965255181104193
69.9659366477754,0.22283984814135083,0.15420148519602994
69.82612523704854,0.5395674372975537,0.43582175338319884
69.51273372342506,0.6308276847462112,0.9982534280770221
69.30709162605423,0.27647076075805177,0.3268412956180614
69.43490822051292,0.965470852246096,0.09990542507904787
69.21223528844271,0.0932999259711107,0.6265222168151406
68.91536212987816,0.0025763104259673986,0.18650936091350634
69.21398092813986,0.7844277423943662,0.35501786251558076
68.50832030328706,0.8595135455326175,0.7515722347899679
68.54595581984836,0.8016236418906297,0.7066126552302564
68.20434667856881,0.0034206243722968432,0.5222337870610193
68.47420799123081,0.9799389996447725,0.29180674977447874
67.99541831982738,0.43327409840372455,0.30694131965032234
68.3291007145857,0.33816014744318157,0.005722405782968454
67.89298741711605,0.10272172855666184,0.21933291348920525
68.014109155278,0.45849032850157456,0.5977997311912402
67.63893270188106,0.8423539041137565,0.8461950032464429
67.567894528729,0.6742082480776567,0.27396011209770343
67.14232637729123,0.26347464342076277,0.2251719102762697
66.93541127802004,0.9775691986531375,0.7869149829992946
66.92646819764306,0.5515599153794647,0.9148344032120935
66.64466140362642,0.29116800235597584,0.8620084376881595
66.72378865119957,0.6538431528267382,0.8555837214922962
66.41534754904858,0.8833442855234322,0.31303156163161017
66.49759357309571,0.8800717839085199,0.5520274956323704
66.31103526275608,0.3407755567825568,0.8704120385604458
66.12449681801316,0.4613067603397013,0.2174485770313368
65.91313128118372,0.6472274009990205,0.2894410036649975
66.1910095368441,0.3733202857635891,0.5451619087567281
65.83866573535393,0.46899395071203875,0.9213700295356305
65.87530674331119,0.5382159684723471,0.8356437823867707
65.3378150734964,0.7699050661220556,0.7441004722452651
65.44818507272825,0.9735521291772964,0.5859665432235514
65.4757985181542,0.7233877479192733,0.8861772404953656
65.07977283714315,0.7637368301237014,0.2785786904824067
64.70194825968672,0.4383658465577258,0.9038287922319939
64.4983068885667,0.7002056158545203,0.16057473989164295
64.85139481432478,0.9044454196567591,0.2833292359631341
64.48253527784344,0.5227602821562096,0.3009769161748631
64.16788528602987,0.4946863859884758,0.6855714801518569
64.11007946559201,0.45296693798182885,0.5552579315803441
64.07528208270793,0.8562587962200916,0.44585877895920534
63.641302349630564,0.08457983158378501,0.0356266973339846
63.42060034661399,0.42050838979904026,0.8954646044947284
63.7665810255495,0.7224086950118861,0.2116784937127285
63.675522908285345,0.8372015550393112,0.3169981438919328
63.40045440004042,0.8530004708249976,0.3314187214573997
63.37345413271968,0.4877473324523264,0.979169338073249
62.985413889165876,0.6664086110453139,0.9768761062188371
62.68430166417285,0.904074321290636,0.7233427916699732
62.4500589135155,0.7123452948035491,0.9365420659062546
62.49439328008083,0.059741276771585805,0.5368308451673766
62.09586790473814,0.022465066953526014,0.7866330823984795
62.33593647369123,0.7601465195507783,0.3192777308212794
62.13438673668366,0.46515167133593105,0.7858681956997364
61.95301242601939,0.06963993315455141,0.5025088973866574
61.74876876612774,0.46946348664776427,0.6198600405505117
61.59610565043537,0.378424279362104,0.9651704058071339
61.295766634693784,0.8258121063248776,0.4844670923226604
60.95316939629809,0.5189989054500741,0.6084348146514512
60.90592177000865,0.5942307255363617,0.9296010343133086
61.0405682184621,0.8397909800690725,0.45693975609993065
60.567041815175855,0.023581546251128294,0.5379841596424727
60.50762002350752,0.719482129277571,0.3900672149563249
60.4740809275473,0.8833066858931571,0.5235674404828429
60.13045454979034,0.09734465742377396,0.2628968473794493
60.33184562634033,0.31305335110842647,0.15859068350291528
60.16868411424388,0.43755214799148356,0.11094444704799267
59.577341832228036,0.8098455489189038,0.05563154225388367
59.51940967118023,0.827627368742568,0.53213368966463
59.40722962275175,0.28411686763339505,0.7449318812177678
59.18924468870807,0.1803151822937994,0.3229027575094827
58.942881244476915,0.4119295732255399,0.7458575167647208
58.76652688626431,0.36865234114700884,0.6735633223417431
59.1484743522399,0.2804693990796735,0.38151745829046446
58.84602348255715,0.25786134411887285,0.5968044457545738
58.501280468138575,0.11179434138504596,0.15956888998759078
58.54482337257857,0.9945474477713443,0.32976190313082476
57.9388336351214,0.9089414558152615,0.69070920054464
58.20126684566918,0.18367447986807584,0.2322020449053831
58.05832630093801,0.6592052726867239,0.2600637664726202
57.68344956066238,0.27390570433678363,0.3351061484015805
57.50141933426878,0.4993235813524136,0.720805775899866
57.525735655055634,0.2723024149030071,0.9009429639184207
57.53403261000786,0.24388935935208134,0.04543116674819181
57.00123140187569,0.9151244899351658,0.27528605996108635
56.985168261307784,0.5692828234210544,0.37735799252917335
56.51121483568512,0.24694819710211247,0.9854727724020675
56.638182307697846,0.5180036756320456,0.18043120425329695
56.55296082671279,0.13663824389338475,0.49480751808350165
55.985569267465856,0.5611442395237289,0.4410819397872834
55.91876967676296,0.2705644931323403,0.9676340644823744
55.80337622978957,0.5310898024546272,0.053307598324115246
55.818660212774105,0.5930866087015377,0.3178165500567669
55.77673153747724,0.8131299726261395,0.9298652403926948
55.59491661585386,0.9038035279679741,0.3461617847960554
55.12892052872216,0.5218543725613263,0.3407098902430351
55.38810262511734,0.5216599657407356,0.5955958307301619
55.21635156215305,0.5372524101272216,0.5000979606279817
54.62286149286963,0.7879483659070835,0.36783082813239
54.56163487862481,0.8268419778619654,0.44885320364331294
54.546436084931734,0.3395985835624117,0.9893789530298177
54.19536904101224,0.07710561610494637,0.6335266538070377
54.075962908058436,0.09460724531039444,0.7660828221399737
53.75535975860853,0.613827142594583,0.24621360007365334
53.70820765527784,0.38195094920867345,0.16648267324400234
53.48132313822153,0.25258753141711054,0.2702975695046689
53.23331045489071,0.798260271208437,0.5713422625857922
53.01626181995224,0.668231017876784,0.3740596237277485
52.98632382298148,0.874293560524924,0.5315613645492449
52.72275528140382,0.18192267157448805,0.843863157275447
52.69818540075403,0.44133905203100665,0.3559980703127239
52.50146806194351,0.9071098448288895,0.49050627291349025
52.5539650743548,0.19990622841667605,0.04582904821021305
52.023662678666206,0.7744191919175861,0.7125558215487905
52.301837023948806,0.6623073989335125,0.3541630853373817
51.87207767875885,0.2652791108112891,0.8735333091450151
51.775358236360745,0.768863313676271,0.313246519318376
51.244476250350836,0.5216207344719008,0.5349361725635822
51.196201614398944,0.26098286551555283,0.2998752351779075
51.22861578369187,0.8224975370169352,0.9138231497270475
51.17983097198416,0.8478339322714703,0.8588252372847629
50.66689260397862,0.5092686010297133,0.21747173125359487
50.83039892246478,0.9636949027211722,0.5556291080372994
50.54100066963251,0.07024941132653417,0.2999276042354745
50.30382415736805,0.7859198473076562,0.5493616591955927
50.12312019228967,0.39651414917854455,0.24643741800319285
50.071499468697475,0.7779255416650198,0.756600941675892
50.029518862211226,0.8459243945652182,0.6508519298629829
49.671291273566645,0.13216868569892304,0.502469448311149
49.196946404394595,0.5491360245154538,0.7176269902206844
49.12211406410087,0.4203001622363781,0.38439940652464555
49.031508384119704,0.6373522162191709,0.33899029125740265
48.88459401399029,0.06660653482528045,0.6728978762273039
48.597331842194,0.8544529673298866,0.46721071600675246
48.43256397460638,0.43523729264756505,0.14561716311435347
48.18929852123344,0.5584720029887034,0.6893527850371867
48.23947967117439,0.41226716494977345,0.2331536283807426
48.04339738146874,0.3385621173321395,0.2112529664399594
47.53547000213363,0.23567038957998743,0.8113872129105903
47.54589791575597,0.1814551726778012,0.1536355402451135
47.70685443740048,0.707249968209835,0.2408166520250985
47.11367925271371,0.1238423712545107,0.5884168038004433
47.33256915168234,0.6204338925647482,0.354735652700623
47.02100629775447,0.4332821952319057,0.8088948305757846
46.746799953972456,0.7281868136934608,0.30328698560969625
46.66758067946918,0.9964289884761035,0.8389535480847684
46.44904949327211,0.2370410619973793,0.9497874389704426
46.023596384148895,0.5100455536078589,0.5224178903039028
45.726039594648384,0.24202746667611175,0.12608110897111702
45.67767898160355,0.7266053066027951,0.327396964506113
45.760280365980066,0.5015737653101225,0.34441068282101794
45.54017631979247,0.5562628229188126,0.8383298440080647
45.52385503270536,0.8314032950271383,0.8743921351829137
45.120951920224684,0.837233745500965,0.4874182703442206
44.7828527672642,0.7201895316306872,0.5577679724130651
44.53681851410687,0.8915931443500693,0.014610651744297098
44.27262916133438,0.33754591538094747,0.3842211546745461
44.3133389220929,0.9904969493466903,0.6319749671603352
43.8649585472256,0.968026222613301,0.4382954541624492
43.85911213286759,0.154218628496137,0.22709324202617964
43.56682001449102,0.37407741473029865,0.8364208176056451
43.677822621822955,0.6104483249262688,0.888620960508819
43.66599166206767,0.4514758260092856,0.20649139437800546
43.09334257412642,0.6297596158646663,0.3720109525257881
43.15505218070415,0.9583785293084748,0.13201650448137858
42.5741786003444,0.25480355781240127,0.6425415622209294
42.54033394281319,0.9507715599958975,0.8014073592519194
42.59596871939417,0.9938354833953394,0.2770706658411748
42.43220079035587,0.6240743244310356,0.46372112569477286
42.16310928032655,0.6259734330524258,0.6239312383263734
41.74160807282528,0.1426296567153904,0.09343831941680869
41.38508585318815,0.025609414196793634,0.42509730065778195
41.534044160403425,0.06305101336241259,0.2584496925410835
41.08346921070305,0.21195222681166315,0.12929401922255634
40.796779014169275,0.3563704065854252,0.17507274507257942
40.90320862067218,0.7705034166646708,0.9526998539121557
41.008457072560304,0.1819913187167299,0.5473942450987928
40.62622182810021,0.647316391038915,0.7577550342182452
40.38883902304639,0.24219166885555188,0.8302878310667786
39.94396567931712,0.1222189620498858,0.9356676807324805
40.05102868610079,0.027981319846506758,0.12901436774936736
39.49548721099144,0.38169747308704804,0.8950322382506125
39.61133641429989,0.253918132942334,0.7987252295086111
39.14947832580458,0.8617372666075214,0.5539228445322603
38.934610741195776,0.30463755382856783,0.7629547602371258
39.12215550563807,0.4559208373130349,0.0481025039084525
38.86155908931703,0.7577639050120236,0.27510971782493343
38.65572059044111,0.1284550241061525,0.32942259680369934
38.55530883378387,0.7440243311999247,0.6873571022897672
38.24549427960414,0.5476222728918688,0.5486188608379287
37.83501593312574,0.07380575673271206,0.010994086214241472
37.92022073225809,0.6325248939955638,0.6342994693500459
37.5489896924765,0.9933477142046807,0.7239264926190108
37.64151319545555,0.26505650960312077,0.8036058703284141
36.99747824159779,0.006139601196788691,0.009058958490043678
36.83801250040956,0.6945275481539408,0.29623772964369854
36.83191182899666,0.6537309583394306,0.5146147924946064
36.4114677635586,0.7659432340856988,0.28624601515526116
36.67350421881024,0.705567306510836,0.28976245048141036
36.44593822372645,0.7900531878805728,0.4813712189244508
35.73096679870957,0.47366331029946407,0.8933186045291636
35.676794647847785,0.725436139234709,0.7196345051892638
35.40186418841018,0.7193513488678128,0.16559248950219285
35.48687269239848,0.9090169008596516,0.6377867633761768
34.924525083438816,0.36641484887750475,0.0070354929477468575
35.14743748020907,0.43383459096237165,0.46316830433857303
34.955108450254244,0.6898573732997725,0.7574678563614624
34.42731427349589,0.2381968815916341,0.6441381166947886
34.397958848948136,0.33433880122778936,0.7081570560216897
34.41474763465335,0.3825264329549988,0.3340005904048853
34.240310991099534,0.40156172791845324,0.5479278905686922
33.85015513637676,0.21578734624075013,0.05593524706405584
33.43119707100513,0.752213000478663,0.9168723760280264
33.479425140697444,0.08779282934354093,0.2684939268608706
32.89949374571229,0.3781785848160477,0.5376855054507131
33.24316043817497,0.36910476597239805,0.1256166284591459
33.01703599094047,0.32279784152272173,0.5952326505494759
32.8202710732401,0.4287474174720871,0.3102189247884035
32.592614337084,0.2383798404465538,0.20063890652404104
31.84898378894702,0.5244994809622474,0.566547624716508
32.06820983101448,0.32730767446688436,0.4148556753539082
31.763141425150764,0.0880517591424903,0.9188357224773539
31.281340785618344,0.4141714458897683,0.16693376324874765
31.30985991910337,0.14656629305659286,0.8113833705973649
31.291801375935048,0.5827446056288177,0.7234760725200079
30.695463876034427,0.4296044577288016,0.5010230859528882
30.45005131054777,0.38635320219379854,0.5437176941475128
30.393869006771162,0.4569058218330776,0.1394167471071447
30.348638141106285,0.8470254931980205,0.43756131232059914
30.339210927444622,0.5762126512986355,0.661941926509749
29.866288220503986,0.9270031447327612,0.7030594149404931
29.887593685224775,0.6432903619195951,0.9533388175885306
29.303505653296295,0.6266450152978242,0.10320230841879319
29.091334346614122,0.6432700170898698,0.8274070644861168
28.74803401316504,0.4527022267766039,0.7447092205654816
28.734095632862267,0.4889911366439913,0.2822825995455178
28.31103229363694,0.3333314350253024,0.9149955819555136
28.579807430651226,0.123076705938161,0.9989817174201412
28.232934663031642,0.2800745295995014,0.12561774447434282
28.049240342606574,0.2273075101059756,0.14952409307009507
27.886733716539602,0.3379476934283979,0.9017118129718814
27.748331768347445,0.894184673335672,0.13753098676804465
27.442881458905216,0.5965351286964427,0.8136193367078091
27.2467554008924,0.4083444459145258,0.3182330349749187
27.03963491010009,0.5645838062193763,0.38978233959036257
26.884512435940003,0.9960928604973013,0.05410533029403075
26.58322963975026,0.12906424131565597,0.14573923272212763
26.253415150069486,0.8699336509209646,0.7599890381325313
26.259732522286328,0.14044126471056828,0.7257489506473747
26.02224168195886,0.22541323074325892,0.06261745683620501
25.658659434659572,0.197337173677111,0.5107909814770197
25.497388737266725,0.756028124481777,0.5418809515378677
25.073737016494963,0.4969471577453891,0.5743847658643992
24.772356728252618,0.42981507270887653,0.9959305150323702
24.736094498374474,0.8178260040609688,0.6427948736387834
24.404141272263224,0.9537882152646969,0.9679635071556614
24.51484538097443,0.5119388468410975,0.4664737928695264
23.974614546519113,0.09051122073139128,0.6199497370148446
23.974560444132923,0.28610118002862617,0.6276887691584581
23.792856917564528,0.32465707126340027,0.563101318960233
23.25309081371824,0.7909624016841519,0.2828498426089725
23.281335994829224,0.24299356980617293,0.594207949625988
23.193177986760954,0.14826195168272793,0.8144404157616248
22.9800742210887,0.08429279216426377,0.6629354284306896
22.84909765136861,0.08851804142368302,0.43019074452965733
22.232148691064527,0.4330520128822408,0.894886861768102
21.898814402834322,0.9562552312133128,0.853326062599198
22.108775559941186,0.22906871734918122,0.13180457377303778
21.566105470705516,0.053685043349792294,0.9178779072981882
21.27233834720988,0.026792191742572302,0.5221760854327606
21.074659363254867,0.39284789203337156,0.29558375679909743
21.07514351450066,0.901498280085231,0.19025806473514328
21.040530636561076,0.9694321596315322,0.32624188511660457
20.343492813670103,0.5262569206141037,0.721991824624635
20.38855471011998,0.12073986336204556,0.06630302194776361
20.157768575313398,0.24834423045626786,0.884279054831652
19.891986381174476,0.16137861097683337,0.7553816955540112
19.562490065141755,0.2021929487851788,0.04156828348127284
19.25427187646202,0.7085359768657797,0.6159557167566866
19.246483610467656,0.9824505025440855,0.3028683167203524
19.202126596374853,0.39394773327312094,0.7356010792668426
18.489059749947653,0.5900814306853955,0.15155019730027952
18.516980111176956,0.06036661246491781,0.7067380744461467
18.304978272619827,0.04437660048200087,0.002440216272332041
17.98826481950199,0.041869762182792813,0.010649069345508688
17.935417618108023,0.3929153331726719,0.9614208135270188
17.345477377162098,0.7718741993872105,0.48406167114188814
17.365980455765833,0.9377988956183897,0.3632805671415523
17.134309367888548,0.8421287826299794,0.3742344271437048
16.804470621161137,0.09861402727546054,0.6622027867492073
16.44414543778936,0.4486895153474615,0.6476790811025853
16.33785595450915,0.3379517363666672,0.6878549020200933
16.352828046918322,0.7991061418886971,0.7381771073798302
16.0473878712456,0.9806482739620607,0.02814938239778564
16.0067361323817,0.5210639616163325,0.9939581008756299
15.546331278754051,0.37615017452301747,0.7014855284680134
15.62858331023005,0.12091993628043662,0.29528138354665145
15.162543157941993,0.8753595052038617,0.18742533144911577
14.696327046257226,0.8195556342661795,0.8223431126462255
14.729131004127202,0.5356022266437814,0.21323959796824854
14.36087549973501,0.2541806072438494,0.6970229969296025
13.916293658736103,0.5468485249093459,0.8966610899981091
13.894067116565855,0.9494899306807184,0.7935224607646018
13.786853026460555,0.6244279537549677,0.15714672415510023
13.633850438305817,0.911064066254964,0.7011240446021736
13.017963671176686,0.26432718654284715,0.37475499046445415
13.30467889839979,0.6917032432297613,0.06133257023326166
12.977136876006421,0.07737914707333104,0.48207443607465195
12.537026390963412,0.6285174260779061,0.2506622083810458
12.197183985181452,0.5843715790572128,0.022125645677252503
12.227148349507765,0.6827301204489011,0.2319262042303114
12.132997215065952,0.08533180313932376,0.3275626410380603
11.680354389522726,0.7721981730603664,0.2465593377841191
11.32165664606268,0.9531938833784602,0.6054271545051697
11.327043412421196,0.6539488261487747,0.9253408049990487
11.203374292159493,0.962492631690363,0.31733151976430074
10.600057819168448,0.26183941890742213,0.5137728300474345
10.625068189124523,0.563203532192345,0.4447986156765724
10.189042468615924,0.7639876204778145,0.7668303735048194
9.902702479653112,0.40580820401835005,0.8317332005608394
9.705545121135051,0.9519009761974695,0.6159049988472579
9.264966240857479,0.06415490785327516,0.934485397919729
8.979015215475494,0.25075196894304397,0.24014234862754535
8.76145073312362,0.32137891504583516,0.7507534571968245
8.582728953986358,0.05280425251577692,0.20682613672997174
8.634781695904246,0.1959073724218343,0.4163867878344525
8.60067984397575,0.356699495769469,0.018114716824826238
8.233437419671224,0.5561108184465353,0.9555219928492926
7.998452558950658,0.15651422611534138,0.9528788803182416
7.613842987944396,0.016189815909728567,0.7871580185014053
7.6069875756854355,0.21384685084194133,0.7298761134704617
7.0329050090124055,0.40234371720153106,0.26279381996002327
7.059394193230477,0.7907353761234316,0.208680534304291
6.504507129387603,0.09416804158245773,0.03494472306551444
6.409231615194329,0.6617614803463195,0.4926904253112061
6.103553564131487,0.3596463642459645,0.7246941264112257
5.92454137898121,0.5389767028671376,0.4436377888951637
5.64876598260551,0.2256356657134555,0.8657910108445599
5.522349704028059,0.7145399283026035,0.26595149911948235
5.390842678875773,0.8744457150733136,0.025923372423155344
4.940671198620523,0.6702145518443237,0.5099827511412338
4.95654664314907,0.9530021544043972,0.2934895428643397
4.579101068652894,0.6619515544344674,0.5348047228947183
4.189372918181694,0.572164815760884,0.3193615811177213
3.8901150494932115,0.7008554617784574,0.45595383287113833
3.5676454546233054,0.9748275271805809,0.9876142924270447
3.3786934707254535,0.5227931986364585,0.19545900114631398
2.936509229188751,0.294290604299265,0.28994725685685296
2.9376965988539414,0.5436879412704826,0.10459587897861278
2.670143584472147,0.5509840549146598,0.2150019580026995
2.698093506658757,0.17954516524926045,0.5746285350198147
2.040752193038615,0.24761049487482556,0.5987946168283058
1.8828655366233193,0.8949804034612131,0.4367962933855154
1.9181800169831476,0.4136503625333472,0.4519355398671381
1.4799992914469886,0.2228727870258862,0.8680998642235517
1.471419570435106,0.2879501849194185,0.10734024950912124
0.8953072059636922,0.8025387609235282,0.8384595331278359
0.6644329754825976,0.3451282562285254,0.979985611341796
0.24851514559855953,0.9110903275996429,0.5673964712282358
0.12592879384606206,0.8740260501397957,0.148849450697495
